File_Name,penguin_ID,Video_ID,Date,Time,Frame_No,Label
GI-LP0238_7_MOVI0006.avi_image_2016-10-20_07_52_28_4200.png,GI-LP0238,MOVI0006,2016/10/20,07:52:28,4200,nonprey
GI-LP0238_7_MOVI0006.avi_image_2016-10-20_07_52_28_4201.png,GI-LP0238,MOVI0006,2016/10/20,07:52:28,4201,nonprey
GI-LP0238_7_MOVI0006.avi_image_2016-10-20_07_52_28_4202.png,GI-LP0238,MOVI0006,2016/10/20,07:52:28,4202,nonprey
GI-LP0238_7_MOVI0006.avi_image_2016-10-20_07_52_28_4203.png,GI-LP0238,MOVI0006,2016/10/20,07:52:28,4203,nonprey
GI-LP0238_7_MOVI0006.avi_image_2016-10-20_07_52_28_4204.png,GI-LP0238,MOVI0006,2016/10/20,07:52:28,4204,nonprey
GI-LP0238_7_MOVI0006.avi_image_2016-10-20_07_52_28_4205.png,GI-LP0238,MOVI0006,2016/10/20,07:52:28,4205,nonprey
GI-LP0238_7_MOVI0006.avi_image_2016-10-20_07_52_28_4206.png,GI-LP0238,MOVI0006,2016/10/20,07:52:28,4206,nonprey
GI-LP0238_7_MOVI0006.avi_image_2016-10-20_07_52_28_4207.png,GI-LP0238,MOVI0006,2016/10/20,07:52:28,4207,nonprey
GI-LP0238_7_MOVI0006.avi_image_2016-10-20_07_52_28_4208.png,GI-LP0238,MOVI0006,2016/10/20,07:52:28,4208,nonprey
GI-LP0238_7_MOVI0006.avi_image_2016-10-20_07_52_28_4209.png,GI-LP0238,MOVI0006,2016/10/20,07:52:28,4209,nonprey
GI-LP0238_7_MOVI0006.avi_image_2016-10-20_07_52_28_4210.png,GI-LP0238,MOVI0006,2016/10/20,07:52:28,4210,prey
GI-LP0238_7_MOVI0006.avi_image_2016-10-20_07_52_28_4211.png,GI-LP0238,MOVI0006,2016/10/20,07:52:28,4211,prey
GI-LP0238_7_MOVI0006.avi_image_2016-10-20_07_52_28_4212.png,GI-LP0238,MOVI0006,2016/10/20,07:52:28,4212,nonprey
GI-LP0238_7_MOVI0006.avi_image_2016-10-20_07_52_28_4213.png,GI-LP0238,MOVI0006,2016/10/20,07:52:28,4213,nonprey
GI-LP0238_7_MOVI0006.avi_image_2016-10-20_07_52_28_4214.png,GI-LP0238,MOVI0006,2016/10/20,07:52:28,4214,nonprey
GI-LP0238_7_MOVI0006.avi_image_2016-10-20_07_52_28_4215.png,GI-LP0238,MOVI0006,2016/10/20,07:52:28,4215,nonprey
GI-LP0238_7_MOVI0006.avi_image_2016-10-20_07_52_28_4216.png,GI-LP0238,MOVI0006,2016/10/20,07:52:28,4216,prey
GI-LP0238_7_MOVI0006.avi_image_2016-10-20_07_52_28_4217.png,GI-LP0238,MOVI0006,2016/10/20,07:52:28,4217,prey
GI-LP0238_7_MOVI0006.avi_image_2016-10-20_07_52_28_4218.png,GI-LP0238,MOVI0006,2016/10/20,07:52:28,4218,prey
GI-LP0238_7_MOVI0006.avi_image_2016-10-20_07_52_28_4219.png,GI-LP0238,MOVI0006,2016/10/20,07:52:28,4219,prey
GI-LP0238_7_MOVI0006.avi_image_2016-10-20_07_52_28_4220.png,GI-LP0238,MOVI0006,2016/10/20,07:52:28,4220,prey
GI-LP0238_7_MOVI0006.avi_image_2016-10-20_07_52_28_4221.png,GI-LP0238,MOVI0006,2016/10/20,07:52:28,4221,prey
GI-LP0238_7_MOVI0006.avi_image_2016-10-20_07_52_28_4222.png,GI-LP0238,MOVI0006,2016/10/20,07:52:28,4222,prey
GI-LP0238_7_MOVI0006.avi_image_2016-10-20_07_52_28_4223.png,GI-LP0238,MOVI0006,2016/10/20,07:52:28,4223,prey
GI-LP0238_7_MOVI0006.avi_image_2016-10-20_07_52_28_4224.png,GI-LP0238,MOVI0006,2016/10/20,07:52:28,4224,prey
GI-LP0238_7_MOVI0006.avi_image_2016-10-20_07_52_28_4225.png,GI-LP0238,MOVI0006,2016/10/20,07:52:28,4225,prey
GI-LP0238_7_MOVI0006.avi_image_2016-10-20_07_52_28_4226.png,GI-LP0238,MOVI0006,2016/10/20,07:52:28,4226,prey
GI-LP0238_7_MOVI0006.avi_image_2016-10-20_07_52_28_4227.png,GI-LP0238,MOVI0006,2016/10/20,07:52:28,4227,prey
GI-LP0238_7_MOVI0006.avi_image_2016-10-20_07_52_28_4228.png,GI-LP0238,MOVI0006,2016/10/20,07:52:28,4228,nonprey
GI-LP0238_7_MOVI0006.avi_image_2016-10-20_07_52_28_4229.png,GI-LP0238,MOVI0006,2016/10/20,07:52:28,4229,nonprey
GI-LP0238_7_MOVI0006.avi_image_2016-10-20_07_52_29_4230.png,GI-LP0238,MOVI0006,2016/10/20,07:52:29,4230,nonprey
GI-LP0238_7_MOVI0006.avi_image_2016-10-20_07_52_29_4231.png,GI-LP0238,MOVI0006,2016/10/20,07:52:29,4231,nonprey
GI-LP0238_7_MOVI0006.avi_image_2016-10-20_07_52_29_4232.png,GI-LP0238,MOVI0006,2016/10/20,07:52:29,4232,nonprey
GI-LP0238_7_MOVI0006.avi_image_2016-10-20_07_52_29_4233.png,GI-LP0238,MOVI0006,2016/10/20,07:52:29,4233,nonprey
GI-LP0238_7_MOVI0006.avi_image_2016-10-20_07_52_29_4234.png,GI-LP0238,MOVI0006,2016/10/20,07:52:29,4234,nonprey
GI-LP0238_7_MOVI0006.avi_image_2016-10-20_07_52_29_4235.png,GI-LP0238,MOVI0006,2016/10/20,07:52:29,4235,nonprey
GI-LP0238_7_MOVI0006.avi_image_2016-10-20_07_52_29_4236.png,GI-LP0238,MOVI0006,2016/10/20,07:52:29,4236,nonprey
GI-LP0238_7_MOVI0006.avi_image_2016-10-20_07_52_29_4237.png,GI-LP0238,MOVI0006,2016/10/20,07:52:29,4237,nonprey
GI-LP0238_7_MOVI0006.avi_image_2016-10-20_07_52_29_4238.png,GI-LP0238,MOVI0006,2016/10/20,07:52:29,4238,nonprey
GI-LP0238_7_MOVI0006.avi_image_2016-10-20_07_52_29_4239.png,GI-LP0238,MOVI0006,2016/10/20,07:52:29,4239,nonprey
GI-LP0238_7_MOVI0006.avi_image_2016-10-20_07_52_29_4240.png,GI-LP0238,MOVI0006,2016/10/20,07:52:29,4240,nonprey
GI-LP0238_7_MOVI0006.avi_image_2016-10-20_07_52_59_5140.png,GI-LP0238,MOVI0006,2016/10/20,07:52:59,5140,nonprey
GI-LP0238_7_MOVI0006.avi_image_2016-10-20_07_52_59_5141.png,GI-LP0238,MOVI0006,2016/10/20,07:52:59,5141,nonprey
GI-LP0238_7_MOVI0006.avi_image_2016-10-20_07_52_59_5142.png,GI-LP0238,MOVI0006,2016/10/20,07:52:59,5142,nonprey
GI-LP0238_7_MOVI0006.avi_image_2016-10-20_07_52_59_5143.png,GI-LP0238,MOVI0006,2016/10/20,07:52:59,5143,nonprey
GI-LP0238_7_MOVI0006.avi_image_2016-10-20_07_52_59_5144.png,GI-LP0238,MOVI0006,2016/10/20,07:52:59,5144,nonprey
GI-LP0238_7_MOVI0006.avi_image_2016-10-20_07_52_59_5145.png,GI-LP0238,MOVI0006,2016/10/20,07:52:59,5145,nonprey
GI-LP0238_7_MOVI0006.avi_image_2016-10-20_07_52_59_5146.png,GI-LP0238,MOVI0006,2016/10/20,07:52:59,5146,nonprey
GI-LP0238_7_MOVI0006.avi_image_2016-10-20_07_52_59_5147.png,GI-LP0238,MOVI0006,2016/10/20,07:52:59,5147,nonprey
GI-LP0238_7_MOVI0006.avi_image_2016-10-20_07_52_59_5148.png,GI-LP0238,MOVI0006,2016/10/20,07:52:59,5148,nonprey
GI-LP0238_7_MOVI0006.avi_image_2016-10-20_07_52_59_5149.png,GI-LP0238,MOVI0006,2016/10/20,07:52:59,5149,nonprey
GI-LP0238_7_MOVI0006.avi_image_2016-10-20_07_52_59_5150.png,GI-LP0238,MOVI0006,2016/10/20,07:52:59,5150,nonprey
GI-LP0238_7_MOVI0006.avi_image_2016-10-20_07_52_59_5151.png,GI-LP0238,MOVI0006,2016/10/20,07:52:59,5151,nonprey
GI-LP0238_7_MOVI0006.avi_image_2016-10-20_07_52_59_5152.png,GI-LP0238,MOVI0006,2016/10/20,07:52:59,5152,nonprey
GI-LP0238_7_MOVI0006.avi_image_2016-10-20_07_52_59_5153.png,GI-LP0238,MOVI0006,2016/10/20,07:52:59,5153,nonprey
GI-LP0238_7_MOVI0006.avi_image_2016-10-20_07_52_59_5154.png,GI-LP0238,MOVI0006,2016/10/20,07:52:59,5154,nonprey
GI-LP0238_7_MOVI0006.avi_image_2016-10-20_07_52_59_5155.png,GI-LP0238,MOVI0006,2016/10/20,07:52:59,5155,prey
GI-LP0238_7_MOVI0006.avi_image_2016-10-20_07_52_59_5156.png,GI-LP0238,MOVI0006,2016/10/20,07:52:59,5156,prey
GI-LP0238_7_MOVI0006.avi_image_2016-10-20_07_52_59_5157.png,GI-LP0238,MOVI0006,2016/10/20,07:52:59,5157,prey
GI-LP0238_7_MOVI0006.avi_image_2016-10-20_07_52_59_5158.png,GI-LP0238,MOVI0006,2016/10/20,07:52:59,5158,prey
GI-LP0238_7_MOVI0006.avi_image_2016-10-20_07_52_59_5159.png,GI-LP0238,MOVI0006,2016/10/20,07:52:59,5159,prey
GI-LP0238_7_MOVI0006.avi_image_2016-10-20_07_53_00_5160.png,GI-LP0238,MOVI0006,2016/10/20,07:53:00,5160,prey
GI-LP0238_7_MOVI0006.avi_image_2016-10-20_07_53_00_5161.png,GI-LP0238,MOVI0006,2016/10/20,07:53:00,5161,prey
GI-LP0238_7_MOVI0006.avi_image_2016-10-20_07_53_00_5162.png,GI-LP0238,MOVI0006,2016/10/20,07:53:00,5162,prey
GI-LP0238_7_MOVI0006.avi_image_2016-10-20_07_53_00_5163.png,GI-LP0238,MOVI0006,2016/10/20,07:53:00,5163,prey
GI-LP0238_7_MOVI0006.avi_image_2016-10-20_07_53_00_5164.png,GI-LP0238,MOVI0006,2016/10/20,07:53:00,5164,prey
GI-LP0238_7_MOVI0006.avi_image_2016-10-20_07_53_00_5165.png,GI-LP0238,MOVI0006,2016/10/20,07:53:00,5165,prey
GI-LP0238_7_MOVI0006.avi_image_2016-10-20_07_53_00_5166.png,GI-LP0238,MOVI0006,2016/10/20,07:53:00,5166,prey
GI-LP0238_7_MOVI0006.avi_image_2016-10-20_07_53_00_5167.png,GI-LP0238,MOVI0006,2016/10/20,07:53:00,5167,prey
GI-LP0238_7_MOVI0006.avi_image_2016-10-20_07_53_00_5168.png,GI-LP0238,MOVI0006,2016/10/20,07:53:00,5168,prey
GI-LP0238_7_MOVI0006.avi_image_2016-10-20_07_53_00_5169.png,GI-LP0238,MOVI0006,2016/10/20,07:53:00,5169,prey
GI-LP0238_7_MOVI0006.avi_image_2016-10-20_07_53_00_5170.png,GI-LP0238,MOVI0006,2016/10/20,07:53:00,5170,prey
GI-LP0238_7_MOVI0006.avi_image_2016-10-20_07_53_00_5171.png,GI-LP0238,MOVI0006,2016/10/20,07:53:00,5171,prey
GI-LP0238_7_MOVI0006.avi_image_2016-10-20_07_53_00_5172.png,GI-LP0238,MOVI0006,2016/10/20,07:53:00,5172,prey
GI-LP0238_7_MOVI0006.avi_image_2016-10-20_07_53_00_5173.png,GI-LP0238,MOVI0006,2016/10/20,07:53:00,5173,prey
GI-LP0238_7_MOVI0006.avi_image_2016-10-20_07_53_00_5174.png,GI-LP0238,MOVI0006,2016/10/20,07:53:00,5174,prey
GI-LP0238_7_MOVI0006.avi_image_2016-10-20_07_53_00_5175.png,GI-LP0238,MOVI0006,2016/10/20,07:53:00,5175,nonprey
GI-LP0238_7_MOVI0006.avi_image_2016-10-20_07_53_00_5176.png,GI-LP0238,MOVI0006,2016/10/20,07:53:00,5176,nonprey
GI-LP0238_7_MOVI0006.avi_image_2016-10-20_07_53_00_5177.png,GI-LP0238,MOVI0006,2016/10/20,07:53:00,5177,nonprey
GI-LP0238_7_MOVI0006.avi_image_2016-10-20_07_53_00_5178.png,GI-LP0238,MOVI0006,2016/10/20,07:53:00,5178,nonprey
GI-LP0238_7_MOVI0006.avi_image_2016-10-20_07_53_00_5179.png,GI-LP0238,MOVI0006,2016/10/20,07:53:00,5179,nonprey
GI-LP0238_7_MOVI0006.avi_image_2016-10-20_07_53_00_5180.png,GI-LP0238,MOVI0006,2016/10/20,07:53:00,5180,nonprey
GI-LP0238_7_MOVI0006.avi_image_2016-10-20_07_53_00_5181.png,GI-LP0238,MOVI0006,2016/10/20,07:53:00,5181,nonprey
GI-LP0238_7_MOVI0006.avi_image_2016-10-20_07_53_00_5182.png,GI-LP0238,MOVI0006,2016/10/20,07:53:00,5182,nonprey
GI-LP0238_7_MOVI0006.avi_image_2016-10-20_07_53_00_5183.png,GI-LP0238,MOVI0006,2016/10/20,07:53:00,5183,nonprey
GI-LP0238_7_MOVI0006.avi_image_2016-10-20_07_53_00_5184.png,GI-LP0238,MOVI0006,2016/10/20,07:53:00,5184,nonprey
GI-LP0238_7_MOVI0006.avi_image_2016-10-20_07_53_00_5185.png,GI-LP0238,MOVI0006,2016/10/20,07:53:00,5185,nonprey
GI-LP0238_7_MOVI0006.avi_image_2016-10-20_07_53_00_5186.png,GI-LP0238,MOVI0006,2016/10/20,07:53:00,5186,nonprey
GI-LP0238_7_MOVI0006.avi_image_2016-10-20_07_53_00_5187.png,GI-LP0238,MOVI0006,2016/10/20,07:53:00,5187,nonprey
GI-LP0238_7_MOVI0006.avi_image_2016-10-20_07_53_00_5188.png,GI-LP0238,MOVI0006,2016/10/20,07:53:00,5188,nonprey
GI-LP0238_7_MOVI0006.avi_image_2016-10-20_07_53_00_5189.png,GI-LP0238,MOVI0006,2016/10/20,07:53:00,5189,nonprey
GI-LP0238_7_MOVI0006.avi_image_2016-10-20_07_53_01_5190.png,GI-LP0238,MOVI0006,2016/10/20,07:53:01,5190,nonprey
GI-LP0238_7_MOVI0006.avi_image_2016-10-20_07_53_06_5354.png,GI-LP0238,MOVI0006,2016/10/20,07:53:06,5354,nonprey
GI-LP0238_7_MOVI0006.avi_image_2016-10-20_07_53_06_5355.png,GI-LP0238,MOVI0006,2016/10/20,07:53:06,5355,nonprey
GI-LP0238_7_MOVI0006.avi_image_2016-10-20_07_53_06_5356.png,GI-LP0238,MOVI0006,2016/10/20,07:53:06,5356,nonprey
GI-LP0238_7_MOVI0006.avi_image_2016-10-20_07_53_06_5357.png,GI-LP0238,MOVI0006,2016/10/20,07:53:06,5357,nonprey
GI-LP0238_7_MOVI0006.avi_image_2016-10-20_07_53_06_5358.png,GI-LP0238,MOVI0006,2016/10/20,07:53:06,5358,nonprey
GI-LP0238_7_MOVI0006.avi_image_2016-10-20_07_53_06_5359.png,GI-LP0238,MOVI0006,2016/10/20,07:53:06,5359,nonprey
GI-LP0238_7_MOVI0006.avi_image_2016-10-20_07_53_06_5360.png,GI-LP0238,MOVI0006,2016/10/20,07:53:06,5360,nonprey
GI-LP0238_7_MOVI0006.avi_image_2016-10-20_07_53_06_5361.png,GI-LP0238,MOVI0006,2016/10/20,07:53:06,5361,nonprey
GI-LP0238_7_MOVI0006.avi_image_2016-10-20_07_53_06_5362.png,GI-LP0238,MOVI0006,2016/10/20,07:53:06,5362,nonprey
GI-LP0238_7_MOVI0006.avi_image_2016-10-20_07_53_06_5363.png,GI-LP0238,MOVI0006,2016/10/20,07:53:06,5363,nonprey
GI-LP0238_7_MOVI0006.avi_image_2016-10-20_07_53_06_5364.png,GI-LP0238,MOVI0006,2016/10/20,07:53:06,5364,nonprey
GI-LP0238_7_MOVI0006.avi_image_2016-10-20_07_53_06_5365.png,GI-LP0238,MOVI0006,2016/10/20,07:53:06,5365,nonprey
GI-LP0238_7_MOVI0006.avi_image_2016-10-20_07_53_06_5366.png,GI-LP0238,MOVI0006,2016/10/20,07:53:06,5366,nonprey
GI-LP0238_7_MOVI0006.avi_image_2016-10-20_07_53_06_5367.png,GI-LP0238,MOVI0006,2016/10/20,07:53:06,5367,nonprey
GI-LP0238_7_MOVI0006.avi_image_2016-10-20_07_53_06_5368.png,GI-LP0238,MOVI0006,2016/10/20,07:53:06,5368,nonprey
GI-LP0238_7_MOVI0006.avi_image_2016-10-20_07_53_06_5369.png,GI-LP0238,MOVI0006,2016/10/20,07:53:06,5369,nonprey
GI-LP0238_7_MOVI0006.avi_image_2016-10-20_07_53_07_5370.png,GI-LP0238,MOVI0006,2016/10/20,07:53:07,5370,nonprey
GI-LP0238_7_MOVI0006.avi_image_2016-10-20_07_53_07_5371.png,GI-LP0238,MOVI0006,2016/10/20,07:53:07,5371,nonprey
GI-LP0238_7_MOVI0006.avi_image_2016-10-20_07_53_07_5372.png,GI-LP0238,MOVI0006,2016/10/20,07:53:07,5372,nonprey
GI-LP0238_7_MOVI0006.avi_image_2016-10-20_07_53_07_5373.png,GI-LP0238,MOVI0006,2016/10/20,07:53:07,5373,prey
GI-LP0238_7_MOVI0006.avi_image_2016-10-20_07_53_07_5374.png,GI-LP0238,MOVI0006,2016/10/20,07:53:07,5374,prey
GI-LP0238_7_MOVI0006.avi_image_2016-10-20_07_53_07_5375.png,GI-LP0238,MOVI0006,2016/10/20,07:53:07,5375,prey
GI-LP0238_7_MOVI0006.avi_image_2016-10-20_07_53_07_5376.png,GI-LP0238,MOVI0006,2016/10/20,07:53:07,5376,prey
GI-LP0238_7_MOVI0006.avi_image_2016-10-20_07_53_07_5377.png,GI-LP0238,MOVI0006,2016/10/20,07:53:07,5377,prey
GI-LP0238_7_MOVI0006.avi_image_2016-10-20_07_53_07_5378.png,GI-LP0238,MOVI0006,2016/10/20,07:53:07,5378,prey
GI-LP0238_7_MOVI0006.avi_image_2016-10-20_07_53_07_5379.png,GI-LP0238,MOVI0006,2016/10/20,07:53:07,5379,prey
GI-LP0238_7_MOVI0006.avi_image_2016-10-20_07_53_07_5380.png,GI-LP0238,MOVI0006,2016/10/20,07:53:07,5380,prey
GI-LP0238_7_MOVI0006.avi_image_2016-10-20_07_53_07_5381.png,GI-LP0238,MOVI0006,2016/10/20,07:53:07,5381,prey
GI-LP0238_7_MOVI0006.avi_image_2016-10-20_07_53_07_5382.png,GI-LP0238,MOVI0006,2016/10/20,07:53:07,5382,prey
GI-LP0238_7_MOVI0006.avi_image_2016-10-20_07_53_07_5383.png,GI-LP0238,MOVI0006,2016/10/20,07:53:07,5383,prey
GI-LP0238_7_MOVI0006.avi_image_2016-10-20_07_53_07_5384.png,GI-LP0238,MOVI0006,2016/10/20,07:53:07,5384,prey
GI-LP0238_7_MOVI0006.avi_image_2016-10-20_07_53_07_5385.png,GI-LP0238,MOVI0006,2016/10/20,07:53:07,5385,prey
GI-LP0238_7_MOVI0006.avi_image_2016-10-20_07_53_07_5386.png,GI-LP0238,MOVI0006,2016/10/20,07:53:07,5386,prey
GI-LP0238_7_MOVI0006.avi_image_2016-10-20_07_53_07_5387.png,GI-LP0238,MOVI0006,2016/10/20,07:53:07,5387,prey
GI-LP0238_7_MOVI0006.avi_image_2016-10-20_07_53_07_5388.png,GI-LP0238,MOVI0006,2016/10/20,07:53:07,5388,prey
GI-LP0238_7_MOVI0006.avi_image_2016-10-20_07_53_07_5389.png,GI-LP0238,MOVI0006,2016/10/20,07:53:07,5389,prey
GI-LP0238_7_MOVI0006.avi_image_2016-10-20_07_53_07_5390.png,GI-LP0238,MOVI0006,2016/10/20,07:53:07,5390,nonprey
GI-LP0238_7_MOVI0006.avi_image_2016-10-20_07_53_07_5391.png,GI-LP0238,MOVI0006,2016/10/20,07:53:07,5391,nonprey
GI-LP0238_7_MOVI0006.avi_image_2016-10-20_07_53_07_5392.png,GI-LP0238,MOVI0006,2016/10/20,07:53:07,5392,nonprey
GI-LP0238_7_MOVI0006.avi_image_2016-10-20_07_53_07_5393.png,GI-LP0238,MOVI0006,2016/10/20,07:53:07,5393,nonprey
GI-LP0238_7_MOVI0006.avi_image_2016-10-20_07_53_07_5394.png,GI-LP0238,MOVI0006,2016/10/20,07:53:07,5394,nonprey
GI-LP0238_7_MOVI0006.avi_image_2016-10-20_07_53_07_5395.png,GI-LP0238,MOVI0006,2016/10/20,07:53:07,5395,nonprey
GI-LP0238_7_MOVI0006.avi_image_2016-10-20_07_53_07_5396.png,GI-LP0238,MOVI0006,2016/10/20,07:53:07,5396,nonprey
GI-LP0238_7_MOVI0006.avi_image_2016-10-20_07_53_07_5397.png,GI-LP0238,MOVI0006,2016/10/20,07:53:07,5397,nonprey
GI-LP0238_7_MOVI0006.avi_image_2016-10-20_07_53_07_5398.png,GI-LP0238,MOVI0006,2016/10/20,07:53:07,5398,nonprey
GI-LP0238_7_MOVI0006.avi_image_2016-10-20_07_53_07_5399.png,GI-LP0238,MOVI0006,2016/10/20,07:53:07,5399,nonprey
GI-LP0238_7_MOVI0006.avi_image_2016-10-20_07_53_08_5400.png,GI-LP0238,MOVI0006,2016/10/20,07:53:08,5400,nonprey
GI-LP0238_7_MOVI0006.avi_image_2016-10-20_07_53_08_5401.png,GI-LP0238,MOVI0006,2016/10/20,07:53:08,5401,nonprey
GI-LP0238_7_MOVI0006.avi_image_2016-10-20_07_53_08_5402.png,GI-LP0238,MOVI0006,2016/10/20,07:53:08,5402,nonprey
GI-LP0238_7_MOVI0006.avi_image_2016-10-20_07_53_08_5403.png,GI-LP0238,MOVI0006,2016/10/20,07:53:08,5403,nonprey
GI-LP0238_7_MOVI0006.avi_image_2016-10-20_07_53_08_5404.png,GI-LP0238,MOVI0006,2016/10/20,07:53:08,5404,nonprey
GI-LP0238_7_MOVI0006.avi_image_2016-10-20_07_53_08_5405.png,GI-LP0238,MOVI0006,2016/10/20,07:53:08,5405,nonprey
